id,debtor_code,retailers_group_name,retailers_name,company_name,branch,branch_code,business_registration_no,billing_address,delivery_address,credit_terms,sales_agent,bill_to,created_at,updated_at
1,300-MH15,MYDIN,MYDIN MOHAMED HOLDINGS SDN BHD,MYDIN MOHAMED HOLDINGS SDN BHD,MYDIN PUTRAJAYA,1024.0,199101011136,,"Mydin Putrajaya Bazaar No. 40-54, Jalan Diplomatik Presint 15, 62050 Putrajaya,Putrajaya,Malaysia",Net 60 days,,Manufacturing,,
2,300-M024,MYDIN,MYDIN TRI SHAAS SDN BHD,TRI SHAAS SDN BHD,MYDIN TAMAN KINRARA,5532.0,200601008765,,"Mydin Mart Taman Kinrara No. 14 16, 18&20, Jln TK 4/5, Tmn Kinrara 4, 47100 Puchong, Selangor, Malaysia",Net 60 days,,Manufacturing,,
3,300-M040,MYDIN,MYDIN TRI SHAAS SDN BHD,MYDIN TRI SHAAS SDN BHD,MyDin Seksyen 13 Shah Alam,5539.0,200601008765,,"Mydin Mart Seksyen 13 Unit 9 Lot 1715, No.7,Jalan Rugbi Seksyen 13,,40100 Shah Alam,Selangor,Malaysia |",Net 60 days,CEN-001 AZIZ,Manufacturing,,
4,300-MH23,MYDIN,MYDIN MOHAMED HOLDINGS BHD,MYDIN MOHAMED HOLDINGS BHD,MyDin Tengku Kelana Emporium Klang,1010.0,199101011136,,"Mydin Tengku Kelana Emporium No. 111 Blok 1 Jln.Tengku Kelana,41000 Klang,Selangor,Malaysia",Net 60 days,CEN-001 AZIZ,Manufacturing,,
5,300-MT02,MYDIN,MYDIN TRI SHAAS SDN BHD,MYDIN TRI SHAAS SDN BHD,Mydin Shah Alam Jalan Pinang G,5504.0,200601008765,,"Mydin Mart Shah Alam No.4-16 Jalan Pinang G 18/G,40200 Shah Alam,Selangor,Malaysia",Net 60 days,CEN-001 AZIZ,Manufacturing,,
6,300-M022,MYDIN,MYDIN TRI SHAAS SDN BHD,MYDIN TRI SHAAS SDN BHD,Mydin Taman Bukit Kuda Klang,5531.0,200601008765,,"Mydin Mart Bukit Kuda No 36 & 38 Jln Bukit Kuda I/KUI Taman Bukit Kuda,41300 Klang,Selangor,Malaysia",Net 60 days,CEN-001 AZIZ,Manufacturing,,
7,300-M025,MYDIN,MYDIN TRI SHAAS SDN BHD,TRI SHAAS SDN BHD,Mydin Mart Desa Latania,5533.0,200601008765,,"Mydin Mart Desa Latania No. 16 & 18 JIn Nagasari E36/E Desa Latania,Seksyen 36,40460 Shah
Alam,Selangor,Malaysia",Net 60 days,CEN-001 AZIZ,Manufacturing,,
8,300-MH17,MYDIN,MYDIN MOHAMED HOLDINGS BHD,MYDIN MOHAMED HOLDINGS BHD,Mydin Semenyih Hypermarket,1051.0,199101011136,,"Mydin Semenyih Hypermarket Lot 21452 Jalan Anggerik Perdana 1 Taman Anggerik Perdana,43500
Semenyih,Selangor,Malaysia",Net 60 days,CEN-002 NAZH,Manufacturing,,
9,300-MH18,MYDIN,MYDIN MOHAMED HOLDINGS BHD,MYDIN MOHAMED HOLDINGS BHD,Mydin Senawang Hypermarket,1063.0,199101011136,,"Mydin Senawang Hypermarket No 110 Jalan BPS 7, Bandar Prima Senawang,,,70450 Seremban,Negeri
Sembilan,Malaysia",Net 60 days,CEN-002 NAZH,Manufacturing,,
10,300-MH19,MYDIN,MYDIN MOHAMED HOLDINGS BHD,MYDIN MOHAMED HOLDINGS BHD,Mydin Seremban 2 Hypermarket,1049.0,199101011136,,"Mydin Seremban 2 Hypermarket Lot 31156 Persiaran S2 B7 Seremban 2,70300 Seremban,Negeri
Sembilan,Malaysia",Net 60 days,CEN-002 NAZH,Manufacturing,,
11,300-M041,MYDIN,MYDIN TRI SHAAS SDN BHD,TRI SHAAS SDN BHD,Mydin Mart Olak Lempit,5540.0,200601008765,,"Mydin Mart Olak Lempit 16 18 & 20-G Jalan Camar 22,Taman Cenderawasih , kampung Olak L,42700
Banting,Selangor,Malaysia",Net 60 days,CEN-002 NAZH,Manufacturing,,
12,300-M021,MYDIN,MYDIN TRI SHAAS SDN BHD,TRI SHAAS SDN BHD,Mydin Mart Balakong Jaya,5530.0,200601008765,,"Mydin Mart Balakong Jaya No 9 11 13 & 15 Jalan Balakong Jaya 2 Taman Balakong Jaya,43300 Seri
Kembangan Kajang,Selangor,Malaysia",Net 60 days,CEN-002 NAZH,Manufacturing,,
13,300-MH20,MYDIN,MYDIN MOHAMED HOLDINGS BHD,MYDIN MOHAMED HOLDINGS BHD,Mydin Subang Jaya Hypermarket,1019.0,199101011136,,"Mydin Subang Jaya Hypermarket Lot 675 & 676 Persiaran Subang Permai USJ 1,47500 Subang
Jaya,Selangor,Malaysia",Net 60 days,CEN-003 THUR,Manufacturing,,
14,300-MH16,MYDIN,MYDIN MOHAMED HOLDINGS BHD,MYDIN MOHAMED HOLDINGS BHD,Mydin Selayang Emporium,1001.0,199101011136,,"Mydin Selayang Emporium No.10-16 Jalan SU/12,Taman Selayang Utama,,68100 Batu
Caves,Selangor,Malaysia",Net 60 days,CEN-003 THUR,Manufacturing,,
15,300-MH06,MYDIN,MYDIN MOHAMED HOLDINGS BHD,MYDIN MOHAMED HOLDINGS BHD,Mydin Klang Emporium Plaza MPK,1004.0,199101011136,,"Mydin Klang Emporium Plaza MPK Jln Pos Baru ,41000 Klang,Selangor,Malaysia",Net 60 days,CEN-001 AZIZ,Manufacturing,,
16,300-MI05,MYDIN,MYDIN IMAN IKHLAS (M) SDN BHD,MYDIN IMAN IKHLAS (M) SDN BHD,MYDIN IMAN IKHLAS (M) SDN BHD @ TAMAN BATIK,5526.0,,"258 PENANG ROAD,
GEORGTOWN, PENANG","MYDIN WHOSALE HYPERMARKET TAMAN BATIK
NO.1, JLN BATIK 2/2A, TMN BATIK,
SUNGAI PETANI KEDAH.",Net 60 days,OFF-001 OFFI,Manufacturing,,
17,300-MH04,MYDIN,MYDIN MOHAMED HOLDINGS BHD,MYDIN MOHAMED HOLDINGS BHD,Mydin Jasin Hypermarket,1046.0,199101011136,,"Mydin Jasin Hypermarket PT 8537 Seksyen 1 Bandar Jasin Bestari ,77200 Bemban,Melaka,Malaysia",Net 60 days,OFF-001 OFFI,Manufacturing,,
18,300-MH11,MYDIN,MYDIN MOHAMED HOLDINGS BHD,MYDIN MOHAMED HOLDINGS BHD,Mydin Meru Raya Hypermarket,1037.0,199101011136,,"Mydin Meru Raya Hypermarket PT229142 Jalan Meru Bestari 2 Bandar Meru Raya ,30020 Ipoh,Perak,Malaysia",Net 60 days,OFF-001 OFFI,Manufacturing,,
19,300-MH02,MYDIN,MYDIN MOHAMED HOLDINGS BHD,MYDIN MOHAMED HOLDINGS BHD,Mydin Bukit Mertajam Hypermarket,1058.0,199101011136,,"Mydin Bukit Mertajam Hypermarket Lot No. 3424 1619, 1511, 1186 & 85 Mukim 6,Jalan Baru,13700 Seberang
Perai,Pulau Pinang,Malaysia",Net 60 days,OFF-001 OFFI,Manufacturing,,
20,300-MI01,MYDIN,MYDIN IMAN IKHLAS (M) SDN BHD,MYDIN IMAN IKHLAS (M) SDN BHD,MYDIN IMAN IKHLAS (M) SDN BHD @ TAMAN BATIK,5522.0,199501008060,,"Mydin Bertam Hypermarket No 2243 Jalan Tun Hamdan Syeikh Tahir Bandar Putra Bertam,13200 Kepala
Batas,Pulau Pinang,Malaysia",Net 60 days,OFF-001 OFFI,Manufacturing,,
21,300-MI04,MYDIN,MYDIN IMAN IKHLAS (M) SDN BHD,MYDIN IMAN IKHLAS (M) SDN BHD,MYDIN IMAN IKHLAS (M) SDN BHD @ TAMAN BATIK,5507.0,199501008060,,"Mydin Taman Saga Hypermarket No.888 Jalan Alor Mengkudu ,05400 Alor Setar,Kedah,Malaysia",Net 60 days,OFF-001 OFFI,Manufacturing,,
22,300-M042,MYDIN,MYDIN IMAN IKHLAS (M) SDN BHD,MYDIN IMAN IKHLAS (M) SDN BHD,MYDIN IMAN IKHLAS (M) SDN BHD @ TAMAN BATIK,5538.0,199501008060,,"Mydin Kulim Hypermarket Jalan Cendana Taman Cendana PT 4957 ,09000 Kulim,Kedah,Malaysia",Net 60 days,OFF-001 OFFI,Manufacturing,,
23,300-MH12,MYDIN,MYDIN MOHAMED HOLDINGS BHD,MYDIN MOHAMED HOLDINGS BHD,Mydin Mutiara Rini Hypermarket,1069.0,199101011136,,"Mydin Mutiara Rini Hypermarket Lot PTD 181611 Mukim Pulai,,Daerah Johor Bharu,,81300 Johor
Bharu,Johor,Malaysia",Net 60 days,OFF-001 OFFI,Manufacturing,,
24,300-MH07,MYDIN,MYDIN MOHAMED HOLDINGS BHD,MYDIN MOHAMED HOLDINGS BHD,Mydin Kuala Terengganu Hypermarket,1021.0,199101011136,,"Mydin Kuala Terengganu Hypermarket Lot 1547 & 1548 Jln. Sultan Mohamad ,21000 Kuala
Terengganu,Terengganu,Malaysia",Net 60 days,OFF-001 OFFI,Manufacturing,,
25,300-MI03,MYDIN,MYDIN IMAN IKHLAS (M) SDN BHD,MYDIN IMAN IKHLAS (M) SDN BHD,MYDIN IMAN IKHLAS (M) SDN BHD @ TAMAN BATIK,5519.0,199501008060,,"Mydin Parit Buntar Hypermarket Lot 23252 Jalan Sekolah Kerian Sentral Mall,34200 Parit Buntar,Perak,Malaysia",Net 60 days,OFF-001 OFFI,Manufacturing,,
26,300-MH09,MYDIN,MYDIN MOHAMED HOLDINGS BHD,MYDIN MOHAMED HOLDINGS BHD,Mydin Kulai Utama Hypermarket,1035.0,199101011136,,"Mydin Kulai Utama Hypermarket Lot 1.18A Jalan Anggerik 8 Taman Kulai Utama,81000 Kulai,Johor,Malaysia",Net 60 days,OFF-001 OFFI,Manufacturing,,
27,300-MH01,MYDIN,MYDIN MOHAMED HOLDINGS BHD,MYDIN MOHAMED HOLDINGS BHD,Mydin Bazaar Anjung Nusajaya,1033.0,199101011136,,"Mydin Bazaar Anjung Nusajaya Lot 25 Anjung Neighbourhood Centre Nusajaya Johor Bharu,79250
Nusajaya,Johor,Malaysia",Net 60 days,OFF-001 OFFI,Manufacturing,,
28,300-MH21,MYDIN,MYDIN MOHAMED HOLDINGS BHD,MYDIN MOHAMED HOLDINGS BHD,Mydin Taman Rinting Hypermarket,1107.0,199101011136,,"Mydin Taman Rinting Hypermarket Lot 92368 Jalan Rinting Mukim Plentong, Taman Rinting,81750
Masai,Johor,Malaysia",Net 60 days,OFF-001 OFFI,Manufacturing,,
29,300-MH24,MYDIN,MYDIN MOHAMED HOLDINGS BHD,MYDIN MOHAMED HOLDINGS BHD,Mydin Tunjong Hypermarket,1079.0,199101011136,,"Mydin Tunjong Hypermarket Lot PT 666 Jalan Kuala Krai Bandar Baru Tunjong,16010 Kota
Bharu,Kelantan,Malaysia",Net 60 days,OFF-001 OFFI,Manufacturing,,
30,300-MH08,MYDIN,MYDIN MOHAMED HOLDINGS BHD,MYDIN MOHAMED HOLDINGS BHD,Mydin Kubang Kerian Hypermarket,1030.0,199101011136,,"Mydin Kubang Kerian Hypermarket LOT 1724 SEKSYEN 14 JALAN RAJA PEREMPUAN,15200 Kota
Bharu,Kelantan,Malaysia",Net 60 days,OFF-001 OFFI,Manufacturing,,
31,300-MH28,MYDIN,MYDIN MELAKA BAZAAR SDN BHD,MYDIN MELAKA BAZAAR SDN BHD,Mydin Melaka Bazaar,1990.0,200501011305,,"Mydin Melaka Bazaar 1st Floor Bazaar Melaka Sentral Jalan Tun Abdul Razak ,75400 Peringgit,Melaka,Malaysia",Net 60 days,OFF-001 OFFI,Manufacturing,,
32,300-MH27,MYDIN,MYDIN MOHAMED HOLDINGS BHD,MYDIN MOHAMED HOLDINGS BHD,Mydin Melaka Hypermarket,1025.0,199101011136,,"Mydin Melaka Hypermarket Lot 15060 15061,15062 Mukim Bukit Katil,Melaka Tengah,75450 Ayer
Keroh,Melaka,Malaysia",Net 60 days,OFF-001 OFFI,Manufacturing,,
33,300-MH14,MYDIN,MYDIN MOHAMED HOLDINGS BHD,MYDIN MOHAMED HOLDINGS BHD,Mydin Pulau Sebang Hypermarket,1067.0,199101011136,,"Mydin Pulau Sebang Hypermarket PT 20 & 2053 Jalan Besar Pulau Sebang,78000 Alor Gajah,Melaka,Malaysia",Net 60 days,OFF-001 OFFI,Manufacturing,,
34,300-MH05,MYDIN,MYDIN MOHAMED HOLDINGS BHD,MYDIN MOHAMED HOLDINGS BHD,Mydin Jengka Hypermarket,1077.0,199101011136,,"Mydin Jengka Hypermarket Lot 29972 Jalan Lintasan Semarak Bandar Tun Abdul Razak ,26400
Jengka,Pahang,Malaysia",Net 60 days,OFF-001 OFFI,Manufacturing,,
35,300-MH25,MYDIN,MYDIN MOHAMED HOLDINGS BHD,MYDIN MOHAMED HOLDINGS BHD,Mydin Wholesale Teman Gopeng,1044.0,199101011136,,"Mydin Wholesale Teman Gopeng Rtc Perak Kawasan Perindustrian Gopeng 2 KM 16,31600
Gopeng,Perak,Malaysia",Net 60 days,OFF-001 OFFI,Manufacturing,,
36,300-MH13,MYDIN,MYDIN MOHAMED HOLDINGS BHD,MYDIN MOHAMED HOLDINGS BHD,Mydin Pelangi Indah Hypermarket,1055.0,199101011136,,"Mydin Pelangi Indah Hypermarket PTD 120470 Persiaran Pelangi IndahTaman Pelangi Indah,81800 Ulu
Tiram,Johor,Malaysia",Net 60 days,OFF-001 OFFI,Manufacturing,,
37,300-MH03,MYDIN,MYDIN MOHAMED HOLDINGS BHD,MYDIN MOHAMED HOLDINGS BHD,Mydin Gong Badak Hypermarket,1053.0,199101011136,,"Mydin Gong Badak Hypermarket Lot PT35511 Kg Banggol Jalan Gong Pak Damat,21300 Kuala
Terengganu,Terengganu,Malaysia",Net 60 days,OFF-001 OFFI,Manufacturing,,
38,300-M027,MYDIN,MYDIN TRI SHAAS SDN BHD,TRI SHAAS SDN BHD,MYDIN MART ALAM SURIA,5535.0,200601008765,,"Mydin Mart Alam Suria 15-1 17-1 Jalan Dataran Suria 15/7/1 Seksyen 15,42300 Bandar Puncak Alam,Selangor,Malaysia",Net 60 days,CEN-001 AZIZ,Manufacturing,,
39,300-TB04,TFP,TFP RETAIL SDN BHD,TFP RETAIL SDN BHD,TFP RETAIL SDN BHD @ BIG MALL OF MEDINI,,201301018031,"D-1-5, SUNWAY NEXIS,
NO.1, JALAN PJU 5/1, KOTA DAMANSARA,
47810 PETALING JAYA
SELANGOR
Malaysia","LOT G06-G08, ANCHOR 2A-2C, GRD FLR, MALL OF MEDINI,
4, LEBUH MEDINI UTARA, MEDINI ISKANDAR MALAYSIA 79200 NUSAJAYA JOHOR Malaysia",Bill to Bill,OFF-001 OFFI,Manufacturing,,
40,300-TB05,TFP,TFP RETAIL SDN BHD,TFP RETAIL SDN BHD,TFP RETAIL SDN BHD @ BIG PUBLIKA,,201301018031,"D-1-5, SUNWAY NEXIS,
NO.1, JALAN PJU 5/1, KOTA DAMANSARA,
47810 PETALING JAYA
SELANGOR
Malaysia","LOT NO. 1A, 83-95,
LEVEL UG1, JALAN DUTAMAS 1
50480 KUALA LUMPUR
KUALA LUMPUR
Malaysia",Bill to Bill,CEN-001 AZIZ,Manufacturing,,
41,300-T009,TFP,TFP RETAIL SDN BHD,TFP RETAIL SDN BHD,TFP RETAIL SDN BHD @ FORUM MALL,,201301018031,"D-1-5, SUNWAY NEXIS,
NO.1, JALAN PJU 5/1, KOTA DAMANSARA,
47810 PETALING JAYA
SELANGOR
Malaysia","SHOP F01, GRD FLR, SUNSURIA FORUM @ 7TH AVE,
NO. 1, JLN SETIA DAGANG AL U13/AL, SETIA ALAM, SEK
40170 SHAH ALAM
SELANGOR
Malaysia",Net 60 days,CEN-001 AZIZ,Manufacturing,,
42,300-T069,TFP,TFP RETAIL SDN BHD,TFP RETAIL SDN BHD,TFP RETAIL SDN BHD @ HARTAMAS SHOPPING CENTER,,201301018031,"D-1-5, SUNWAY NEXIS,
NO.1, JALAN PJU 5/1, KOTA DAMANSARA,
47810 PETALING JAYA
SELANGOR
Malaysia","LOT G-26, GF Hartamas Shopping Center
No. 60, Jalan Sri Hartamas 1
50480 KUALA LUMPUR
KUALA LUMPUR
Malaysia",Net 60 days,CEN-001 AZIZ,Manufacturing,,
43,300-TB06,TFP,TFP RETAIL SDN BHD,TFP RETAIL SDN BHD,TFP RETAIL SDN BHD @ BIG THE LINC,,201301018031,"D-1-5, SUNWAY NEXIS,
NO.1, JALAN PJU 5/1, KOTA DAMANSARA,
47810 PETALING JAYA
SELANGOR
Malaysia","1-9, PUSAT MEMBELI-BELAH LINC,
NO. 360, JALAN TUN RAZAK
50400 KUALA LUMPUR
KUALA LUMPUR
Malaysia",Bill to Bill,CEN-001 AZIZ,Manufacturing,,
44,300-T014,TFP,TFP RETAIL SDN BHD,TFP RETAIL SDN BHD,TFP RETAIL SDN BHD @ MELAWATI,,201301018031,"D-1-5, SUNWAY NEXIS,
NO.1, JALAN PJU 5/1, KOTA DAMANSARA,
47810 PETALING JAYA
SELANGOR
Malaysia","LG-01 & LG-29 MELAWATI MALL, 355,
JALAN BANDAR MELAWATI, PUSAT BANDAR MELAWATI
53100 GOMBAK
SELANGOR
Malaysia",Net 60 days,CEN-001 AZIZ,Manufacturing,,
45,300-T011,TFP,TFP RETAIL SDN BHD,TFP RETAIL SDN BHD,TFP RETAIL SDN BHD @ I-CITY,,201301018031,"D-1-5, SUNWAY NEXIS,
NO.1, JALAN PJU 5/1, KOTA DAMANSARA,
47810 PETALING JAYA
SELANGOR
Malaysia","LOT LG-01, SENTRAL i-CITY, NO. 1, i-CITY,
PERSIARAN MULTIMEDIA, SEKSYEN 7
40000 SHAH ALAM
SELANGOR
Malaysia",Net 60 days,CEN-001 AZIZ,Manufacturing,,
46,300-TB01,TFP,TFP RETAIL SDN BHD,TFP RETAIL SDN BHD,TFP RETAIL SDN BHD @ BIG BATAI,,201301018031,"D-1-5, SUNWAY NEXIS,
NO.1, JALAN PJU 5/1, KOTA DAMANSARA,
47810 PETALING JAYA
SELANGOR
Malaysia","LOT 6 JALAN BATAI, DAMANSARA HEIGHTS
50490 KUALA LUMPUR
KUALA LUMPUR
Malaysia",Bill to Bill,CEN-001 AZIZ,Manufacturing,,
47,300-T002,TFP,TFP RETAIL SDN BHD,TFP RETAIL SDN BHD,TFP RETAIL SDN BHD @ AVENUE K,,201301018031,"D-1-5, SUNWAY NEXIS,
NO.1, JALAN PJU 5/1, KOTA DAMANSARA,
47810 PETALING JAYA
SELANGOR
Malaysia","C-9 & C-10, LEVEL CONCOURSE, AVENUE K,
156, JALAN AMPANG
50450 KUALA LUMPUR
KUALA LUMPUR
Malaysia",Net 60 days,CEN-001 AZIZ,Manufacturing,,
48,300-T012,TFP,TFP RETAIL SDN BHD,TFP RETAIL SDN BHD,TFP RETAIL SDN BHD @ KL GATEWAY,,201301018031,"D-1-5, SUNWAY NEXIS,
NO.1, JALAN PJU 5/1, KOTA DAMANSARA,
47810 PETALING JAYA
SELANGOR
Malaysia","LG1.18, LG1.19 & LG1.20, PUSAT BELI BELAH KL GATEWAY,
NO. 2, JLN KERINCHI, GERBANG KERINCHI LESTARI
59200 KUALA LUMPUR
KUALA LUMPUR
Malaysia",Net 60 days,CEN-001 AZIZ,Manufacturing,,
49,300-T013,TFP,TFP RETAIL SDN BHD,TFP RETAIL SDN BHD,TFP RETAIL SDN BHD @ M CITY,,201301018031,"D-1-5, SUNWAY NEXIS,
NO.1, JALAN PJU 5/1, KOTA DAMANSARA,
47810 PETALING JAYA
SELANGOR
Malaysia","R-15-G M-CITY AMPANG,
NO. 326, JALAN AMPANG
50450 KUALA LUMPUR
KUALA LUMPUR
Malaysia",Net 60 days,CEN-001 AZIZ,Manufacturing,,
50,300-T028,TFP,TFP RETAIL SDN BHD,TFP RETAIL SDN BHD,TFP RETAIL SDN BHD @ GAMUDA WALK,,201301018031,"D-1-5, SUNWAY NEXIS,
NO.1, JALAN PJU 5/1, KOTA DAMANSARA,
47810 PETALING JAYA
SELANGOR
Malaysia","G-09 to G-17A
PERSIARAN ANGGERIK VANILLA, KOTA KEMUNING
40460 SHAH ALAM
SELANGOR
Malaysia",Net 60 days,CEN-001 AZIZ,Manufacturing,,
51,300-T021,TFP,TFP RETAIL SDN BHD,TFP RETAIL SDN BHD,TFP RETAIL SDN BHD @ TAMARIND SQUARE,,201301018031,"D-1-5, SUNWAY NEXIS,
NO.1, JALAN PJU 5/1, KOTA DAMANSARA,
47810 PETALING JAYA
SELANGOR
Malaysia","03-01 & 03-01A TAMARIND SQUARE,
PESIARAN MULTIMEDIA, CYBER 10
63000 CYBERJAYA
SELANGOR
Malaysia",Net 60 days,CEN-002 NAZH,Manufacturing,,
52,300-TV01,TFP,TFP RETAIL SDN BHD,TFP RETAIL SDN BHD,TFP RETAIL SDN BHD @ BANGSAR VILLAGE,,201301018031,"D-1-5, SUNWAY NEXIS,
NO.1, JALAN PJU 5/1, KOTA DAMANSARA,
47810 PETALING JAYA
SELANGOR
Malaysia","G1, GROUND FLOOR, BANGSAR VILLAGE,
NO.1, JLN TELAWI 1, BANGSAR BARU, BANGSAR
59100 KUALA LUMPUR
KUALA LUMPUR
Malaysia",Bill to Bill,CEN-002 NAZH,Manufacturing,,
53,300-T008,TFP,TFP RETAIL SDN BHD,TFP RETAIL SDN BHD,TFP RETAIL SDN BHD @ EKOCHERAS,,201301018031,"D-1-5, SUNWAY NEXIS,
NO.1, JALAN PJU 5/1, KOTA DAMANSARA,
47810 PETALING JAYA
SELANGOR
Malaysia","LG-41 LOWER GROUND FLOOR, EKOCHERAS MALL,
NO. 693, BATU 5, JALAN CHERAS
56000 CHERAS
KUALA LUMPUR
Malaysia",Net 60 days,CEN-002 NAZH,Manufacturing,,
54,300-T098,TFP,TFP RETAIL SDN BHD,TFP RETAIL SDN BHD,TFP RETAIL SDN BHD @ MYRA NILAI,,201301018031,"D-1-5, SUNWAY NEXIS,
NO.1, JALAN PJU 5/1, KOTA DAMANSARA,
47810 PETALING JAYA
SELANGOR
Malaysia","LOT A1, GROUND FLOOR, MYRA PARK MARKET PLACE
LOT A1, PT3271, BANDAR NILAI UTAMA
71800 NILAI
NEGERI SEMBILAN
Malaysia",Bill to Bill,CEN-002 NAZH,Manufacturing,,
55,300-TO03,TFP,TFP RETAIL SDN BHD,TFP RETAIL SDN BHD,TFP RETAIL SDN BHD @ OTK PUCHONG,,201301018031,"D-1-5, SUNWAY NEXIS,
NO.1, JALAN PJU 5/1, KOTA DAMANSARA,
47810 PETALING JAYA
SELANGOR
Malaysia","PUSAT PERDAGANGAN PUCHONG PRIMA, C-01-01, BLK C, JLN PRIMA 5/1,
PSRN PRIMA UTAMA, TMN PUCHONG PRIMA
47100 PUCHONG
SELANGOR
Malaysia",Bill to Bill,CEN-002 NAZH,Manufacturing,,
56,300-0002,TFP,TFP RETAIL SDN BHD,TFP RETAIL SDN BHD,TFP RETAIL SDN BHD @ SIERRA FRESCO,,201301018031,"D-1-5, SUNWAY NEXIS,
NO.1, JALAN PJU 5/1, KOTA DAMANSARA,
47810 PETALING JAYA
SELANGOR
Malaysia","LOT 5-10, SIERRA FRESCO
JALAN SIERRA 10/1, BANDAR 16 SIERRA
47110 PUCHONG
SELANGOR
Malaysia",Net 60 days,CEN-002 NAZH,Manufacturing,,
57,300-T003,TFP,TFP RETAIL SDN BHD,TFP RETAIL SDN BHD,TFP RETAIL SDN BHD @ BANGSAR SHOPPING CENTRE,,201301018031,"D-1-5, SUNWAY NEXIS,
NO.1, JALAN PJU 5/1, KOTA DAMANSARA,
47810 PETALING JAYA
SELANGOR
Malaysia","LOT G1, GROUND FLOOR, BANGSAR SHOPPING CENTRE,
285 JALAN MAAROF, BUKIT BANDARAYA
59000 KUALA LUMPUR
KUALA LUMPUR
Malaysia",Net 60 days,CEN-002 NAZH,Manufacturing,,
58,300-T099,TFP,TFP RETAIL SDN BHD,TFP RETAIL SDN BHD,TFP RETAIL SDN BHD @ SUNWAY SQUARE,,201301018031,"D-1-5, SUNWAY NEXIS,
NO.1, JALAN PJU 5/1, KOTA DAMANSARA,
47810 PETALING JAYA
SELANGOR
Malaysia","LG1-05, SUNWAY SQUARE
JALAN LAGOON SELATAN, BANDAR SUNWAY
47500 SUBANG JAYA
SELANGOR
Malaysia",Bill to Bill,CEN-003 THUR,Manufacturing,,
59,300-TB03,TFP,TFP RETAIL SDN BHD,TFP RETAIL SDN BHD,TFP RETAIL SDN BHD @ BIG IPC,,201301018031,"D-1-5, SUNWAY NEXIS,
NO.1, JALAN PJU 5/1, KOTA DAMANSARA,
47810 PETALING JAYA
SELANGOR
Malaysia","LOT LG1.19 & 1.20 IPC SHOPPING CENTRE,
NO. 2, JALAN PJU 7/2, MUTIARA DAMANSARA
47810 Petaling Jaya
SELANGOR
Malaysia",Bill to Bill,CEN-001 AZIZ,Manufacturing,,
60,300-T015,TFP,TFP RETAIL SDN BHD,TFP RETAIL SDN BHD,TFP RETAIL SDN BHD @ MONT KIARA,,201301018031,"D-1-5, SUNWAY NEXIS,
NO.1, JALAN PJU 5/1, KOTA DAMANSARA,
47810 PETALING JAYA
SELANGOR
Malaysia","LG-1, 1 MONT KIARA, NO. 1 JALAN KIARA,
MONT KIARA
50480 KUALA LUMPUR",Net 60 days,CEN-003 THUR,Manufacturing,,
61,300-T007,TFP,TFP RETAIL SDN BHD,TFP RETAIL SDN BHD,TFP RETAIL SDN BHD @ DP ARKADIA,,201301018031,"D-1-5, SUNWAY NEXIS,
NO.1, JALAN PJU 5/1, KOTA DAMANSARA,
47810 PETALING JAYA
SELANGOR
Malaysia","BLOCK A-B1-1 PLAZA ARKADIA,
NO. 3, JALAN INTISARI PERDANA, DESA PARKCITY
52200 KUALA LUMPUR
KUALA LUMPUR
Malaysia",Net 60 days,CEN-003 THUR,Manufacturing,,
62,300-T001,TFP,TFP RETAIL SDN BHD,TFP RETAIL SDN BHD,TFP RETAIL SDN BHD @ ARA DAMANSARA,,201301018031,"D-1-5, SUNWAY NEXIS,
NO.1, JALAN PJU 5/1, KOTA DAMANSARA,
47810 PETALING JAYA
SELANGOR
Malaysia","LG-01, LOWER GROUND FLOOR, CITTA MALL,
NO. 1, JALAN PJU 1A/48, PJU A1, ARA DAMANSARA
47301 PETALING JAYA
SELANGOR
Malaysia",Net 60 days,CEN-003 THUR,Manufacturing,,
63,300-T027,TFP,TFP RETAIL SDN BHD,TFP RETAIL SDN BHD,TFP RETAIL SDN BHD @ MEGAH RISE,,201301018031,"D-1-5, SUNWAY NEXIS,
NO.1, JALAN PJU 5/1, KOTA DAMANSARA,
47810 PETALING JAYA
SELANGOR
Malaysia","B-1-1 & B1-2
JALAN SS 24/9, TAMAN MEGAH
47301 PETALING JAYA
SELANGOR
Malaysia",Net 60 days,CEN-003 THUR,Manufacturing,,
64,300-T010,TFP,TFP RETAIL SDN BHD,TFP RETAIL SDN BHD,TFP RETAIL SDN BHD @ GIZA,,201301018031,"D-1-5, SUNWAY NEXIS,
NO.1, JALAN PJU 5/1, KOTA DAMANSARA,
47810 PETALING JAYA
SELANGOR
Malaysia","SUNWAY GIZA SHOPPING MALL, BLOCK D, G.01 GROUND FLOOR,
NO. 2, JALAN PJU 5/14, PJU 5 KOTA DAMANSARA
47810 Petaling Jaya
SELANGOR
Malaysia",Net 60 days,CEN-003 THUR,Manufacturing,,
65,300-TO01,TFP,TFP RETAIL SDN BHD,TFP RETAIL SDN BHD,TFP RETAIL SDN BHD @ OTK SENTUL,,201301018031,"D-1-5, SUNWAY NEXIS,
NO.1, JALAN PJU 5/1, KOTA DAMANSARA,
47810 PETALING JAYA
SELANGOR
Malaysia","LOTS A&B, SUB-BASEMENT, PLAZA SENTUL,
NO. 86, JALAN SENTUL, MUKIM SETAPAK
51000 KUALA LUMPUR
KUALA LUMPUR
Malaysia",Bill to Bill,CEN-003 THUR,Manufacturing,,
66,300-T100,TFP,TFP RETAIL SDN BHD,TFP RETAIL SDN BHD,TFP RETAIL SDN BHD @ LAMAN SERI HARMONI,,201301018031,"D-1-5, SUNWAY NEXIS,
NO.1, JALAN PJU 5/1, KOTA DAMANSARA,
47810 PETALING JAYA
SELANGOR
Malaysia","LG-1, LAMAN SERI HARMONI (LSH33)
NO.3, JALAN BATU MUDA TAMBAHAN 3, SENTUL
51100 KUALA LUMPUR
KUALA LUMPUR
Malaysia",Bill to Bill,CEN-003 THUR,Manufacturing,,
67,300-T111,TFP,TFP RETAIL SDN BHD,TFP RETAIL SDN BHD,TFP RETAIL SDN BHD @ 168 PARK SELAYANG,,201301018031,"D-1-5, SUNWAY NEXIS,
NO.1, JALAN PJU 5/1, KOTA DAMANSARA,
47810 PETALING JAYA
SELANGOR
Malaysia","G-09, 168 RESIDENSI SELAYANG
KM12, JALAN IPOH-RAWANG
68100 BATU CAVES
SELANGOR
Malaysia",Net 60 days,CEN-003 THUR,Manufacturing,,
68,300-T006,TFP,TFP RETAIL SDN BHD,TFP RETAIL SDN BHD,TFP RETAIL SDN BHD @ DAMANSARA JAYA,,201301018031,"D-1-5, SUNWAY NEXIS,
NO.1, JALAN PJU 5/1, KOTA DAMANSARA,
47810 PETALING JAYA
SELANGOR
Malaysia","C18 LOWER GROUND FLOOR, ATRIA SHOPPING GALLERY,
JALAN SS 22/23, DAMANSARA JAYA
47400 PETALING JAYA
SELANGOR
Malaysia",Net 60 days,CEN-003 THUR,Manufacturing,,
69,300-T079,TFP,TFP RETAIL SDN BHD,TFP RETAIL SDN BHD,TFP RETAIL SDN BHD @ KIARA BAY,,201301018031,"D-1-5, SUNWAY NEXIS,
NO.1, JALAN PJU 5/1, KOTA DAMANSARA,
47810 PETALING JAYA
SELANGOR
Malaysia","G-23, KARYA BAYU METROPOLITAN
51, PERSIARAN PUTRA BAYU, KEPONG
52100 KUALA LUMPUR
KUALA LUMPUR
Malaysia",Net 60 days,CEN-003 THUR,Manufacturing,,
70,300-TO02,TFP,TFP RETAIL SDN BHD,TFP RETAIL SDN BHD,TFP RETAIL SDN BHD @ OTK GOMBAK,,201301018031,"D-1-5, SUNWAY NEXIS,
NO.1, JALAN PJU 5/1, KOTA DAMANSARA,
47810 PETALING JAYA
SELANGOR
Malaysia","NO 42-50 JALAN 2/21D, MEDAN IDAMAN,
JALAN GOMBAK BATU 5 1/4
53100 GOMBAK
SELANGOR
Malaysia",Bill to Bill,CEN-003 THUR,Manufacturing,,
71,300-T017,TFP,TFP RETAIL SDN BHD,TFP RETAIL SDN BHD,TFP RETAIL SDN BHD @ PARADIGM MALL JB,,201301018031,"D-1-5, SUNWAY NEXIS,
NO.1, JALAN PJU 5/1, KOTA DAMANSARA,
47810 PETALING JAYA
SELANGOR
Malaysia","LOT GF-29 PARADIGM MALL JOHOR BAHRU, JALAN SKUDAI
81200 JOHOR BAHRU
JOHOR
Malaysia",Net 60 days,OFF-001 OFFI,Manufacturing,,
72,300-T101,Global Food Merchant,Global Food Merchant Holdings Sdn Bhd,Global Food Merchant Holdings Sdn Bhd,The Food Merchant @ Pavilion Kuala Lumpur,,201601033218,"D-1-5, Sunway Nexis No. 1, Jalan PJU 5/1 47810 PETALING JAYA SELANGOR Malaysia","LOT 1.01.01, 1.01.02& LOT 1M.02.00, LEVEL1 & 1M PAVILION KUALA LUMPUR MALL
168, JLN BUKIT BINTANG
55100 KUALA LUMPUR
KUALA LUMPUR
Malaysia",Net 60 days,OFF-001 OFFI,Manufacturing,,
73,300-FM03,Global Food Merchant,Global Food Merchant Holdings Sdn Bhd,Global Food Merchant Holdings Sdn Bhd,The Food Merchant @ Pavilion Embassy,,201601033218,"D-1-5, Sunway Nexis
No. 1, Jalan PJU 5/1
47810 PETALING JAYA
SELANGOR
Malaysia","A-G-01 to 03A, B-G-01 to 03A, C-G-01 to 03A,
Kompleks Pavilion Ampang, 200 Jalan Ampang
50450 KUALA LUMPUR
KUALA LUMPUR
Malaysia",Net 60 days,OFF-001 OFFI,Manufacturing,,
74,300-FM04,Global Food Merchant,Global Food Merchant Holdings Sdn Bhd,Global Food Merchant Holdings Sdn Bhd,The Food Merchant @ W City OUG,,201601033218,"D-1-5, Sunway Nexis No. 1, Jalan PJU 5/1 47810 PETALING JAYA SELANGOR Malaysia","Lot PT 15210, Jalan Awan Besar,
Taman Overseas Union,
58200 KUALA LUMPUR
KUALA LUMPUR
Malaysia",Net 60 days,CEN-001 AZIZ,Manufacturing,,
75,300-FM01,Global Food Merchant,Global Food Merchant Holdings Sdn Bhd,Global Food Merchant Holdings Sdn Bhd,The Food Merchant @ Pav Bukit Jalil,,201601033218,"D-1-5, Sunway Nexis No. 1, Jalan PJU 5/1 47810 PETALING JAYA SELANGOR Malaysia","Lot 1.29.00, Level 1 Pavilion Bukit Jalil
No 2, Persiaran Jalil 8, Bandar Bukit Jalil 8
57000 KUALA LUMPUR
KUALA LUMPUR
Malaysia",Net 60 days,CEN-002 NAZH,Manufacturing,,
76,300-T095,Global Food Merchant,Global Food Merchant Holdings Sdn Bhd,Global Food Merchant Holdings Sdn Bhd,The Food Merchant @ IOI Mall Damansara,,201601033218,"D-1-5, Sunway Nexis No. 1, Jalan PJU 5/1 47810 PETALING JAYA SELANGOR Malaysia","Lot CC-01, Concourse Floor, IOI Mall Damansara
No. 2A, Persiaran Surian, Tropicana Indah
47810 PETALING JAYA
SELANGOR
Malaysia",Bill to Bill,CEN-003 THUR,Manufacturing,,
77,300-U003,URBAN MARKETPLACE,Urban Retail Sdn Bhd,Urban Retail Sdn Bhd,ALAM IMPIAN,,,,"R-1-01, GROUND FLOOR,LAKEPOINT CENTRAL
1, JLN PANGLIMA HITAM 35/26
SEKSYEN 35, ALAM IMPIAN,
40470 SHAH ALAM
SELANGOR",Net 60 days,CEN-001 AZIZ,Original,,
78,300-U001,URBAN MARKETPLACE,Urban Retail Sdn Bhd,Urban Retail Sdn Bhd,Seksyen U13 Shah Alam,9999.0,,,"Lot LG-SM, Setia City Mall
7 Persiaran Setia Dagang
Seksyen U13, Bandar Setia Alam
40170 Shah Alam, Selangor
Selangor Darul Ehsan",Net 60 days,CEN-001 AZIZ,Original,,
79,300-G018,GIANT,GCH RETAIL (MALAYSIA) SDN.BHD.,GCH RETAIL (MALAYSIA) SDN.BHD.,GIANT KAJANG FRESH DISTRIBUTION CENTRE,,200401028527,"Mezzanine Floor, Giant Hypermarket Shah Alam Stadium
Lot 2, Persiaran Sukan
40100 Shah Alam,
Selangor Darul Ehsan, Malaysia
Tel: 603-55448888","LOT 5750 TAMAN PERINDUSTRIAN KIDAMA
GCH RETAIL (M) SDN BHD
43000 Selangor
Selangor Malaysia",Net 60 days,CEN-000 AZLA,Original,,
80,300-G031,GIANT,GCH RETAIL (MALAYSIA) SDN.BHD.,GCH RETAIL (MALAYSIA) SDN.BHD.,GIANT HYPERMARKET SETAPAK,,200401028527,"Mezzanine Floor, Giant Hypermarket Shah Alam Stadium
Lot 2, Persiaran Sukan
40100 Shah Alam,
Selangor Darul Ehsan, Malaysia
Tel: 603-55448888","No.5 Jalan Kilang
Off Jalan Genting Klang
53300 Setapak
Wilayah Persekutuan Kuala Lumpur Malaysia",Net 60 days,CEN-003 THUR,Original,,
81,300-G019,GIANT,GCH RETAIL (MALAYSIA) SDN.BHD.,GCH RETAIL (MALAYSIA) SDN.BHD.,GIANT SUPERMARKET (KELANA JAYA),,200401028527,"Mezzanine Floor, Giant Hypermarket Shah Alam Stadium
Lot 2, Persiaran Sukan
40100 Shah Alam,
Selangor Darul Ehsan, Malaysia
Tel: 603-55448888","NO. 2-8, SS 6/3
PUSAT BANDAR KELANA JAYA
47301 -
Malaysia",Net 60 days,CEN-000 AZLA,Original,,
82,300-L008,LOTUSS,LOTUSS STORES (MALAYSIA) SDN. BHD.,LOTUSS STORES (MALAYSIA) SDN. BHD.,Lotus's Shah Alam DC - Tiong Nam Logistics Warehouse D (905),,200001018812,"HEAD OFFICE,LEVEL 3,
No 3,Jalan 7A/62A,
Bandar Menjalara,
52200 Kuala Lumpur, Malaysia","Lot 204, Jalan Bukit Belimbing 26/38
Off Persiaran Tengku Ampuan
Section 26
40400 Shah Alam
Selangor
Malaysia",Net 60 days,CEN-000 AZLA,Manufacturing,,
83,300-SG01,Selection Groceries,Selections Groceries Sdn Bhd,Selections Groceries Sdn Bhd,"Pusat Perniagaan
(G Village)",8888.0,,"No.01-03, Ground Floor, Pusat Perniagaan
(G Village) No.35, Jalan Desa Pandan,
Desa Pandan, 55100 Kuala Lumpur","No.01-03, Ground Floor, Pusat Perniagaan
(G Village) No.35, Jalan Desa Pandan,
Desa Pandan, 55100 Kuala Lumpur",Net 45 days,CEN-001 AZIZ,Original,,
84,300-A006,Pasaraya Angkasa,PASARAYA ANGKASA HALHUB SDN BHD,PASARAYA ANGKASA HALHUB SDN BHD,PASARAYA ANGKASA HALHUB SDN BHD,,201901037106,"G05, G-06 (SHOPLOT). 18, JALAN DEWAN SULTAN SULAIMAN, KAMPUNG BARU,50300 KUALA LUMPUR WILAYAH PERSEKUTUAN KUALA LUMPUR MALAYSIA","G05, G-06 (SHOPLOT). 18, JALAN DEWAN SULTAN SULAIMAN, KAMPUNG BARU,50300 KUALA LUMPUR WILAYAH PERSEKUTUAN KUALA LUMPUR MALAYSIA",Bill to Bill,CEN-001 AZIZ,Original,,
85,300-SKL1,SOGO,SOGO (K.L.) DEPARTMENT STORE SDN. BHD.,SOGO (K.L.) DEPARTMENT STORE SDN. BHD.,SOGO (K.L.) DEPARTMENT STORE SDN. BHD.,,199001003704,"8th Floor, Kompleks Sogo
190, Jalan Tuanku Abdul Rahman
50100 Kuala Lumpur, Malaysia.","8th Floor, Kompleks Sogo
190, Jalan Tuanku Abdul Rahman
50100 Kuala Lumpur, Malaysia.",Net 60 days,CEN-001 AZIZ,Original,,
86,300-TM14,TUNAS MANJA (TMG),TUNAS MANJA SDN BHD,TUNAS MANJA SDN BHD,TUNAS MANJA SDN BHD (CAWANGAN HILL PARK),,166702T,,"5-15, JALAN PINANG 4/1,TINGKAT BAWAH BANDAR HILL PARK PUNCAK
ALAM,42300BANDAR PUNCAK ALAM,SELANGORMALAYSIA",Net 45 days,CEN-001 AZIZ,Manufacturing,,
87,300-0008,Sam Groceria,SAM'S GROCERIA SDN BHD,SAM'S GROCERIA SDN BHD,NU Sentral Jalan Tun Sambanthan,4502.0,200501005382,,"Sams Groceria NU Sentral Lot No.1/48 Lower Ground Floor Nu sentral,Jalan Tun Sambanthan,50740 Kuala
Lumpur,Kuala Lumpur,Malaysia",Net 60 days,CEN-001 AZIZ,Manufacturing,,
88,300-T044,TUNAS MANJA (TMG),TUNAS MANJA SDN BHD,TUNAS MANJA SDN BHD,TUNAS MANJA SDN BHD (CAWANGAN ALAM BUDIMAN),,166702T,,"NO.9-19, GROUND FLOOR, JALAN PULAU LUMUT U10/68,ALAM BUDIMAN, SEKSYEN
U10,40170SHAH ALAMSELANGORMALAYSIA",Net 45 days,CEN-001 AZIZ,Manufacturing,,
89,300-S017,ST ROSYAM,ST ROSYAM MART SDN BHD,ST ROSYAM MART SDN BHD,ST ROSYAM MART SDN BHD - KLANG,,,,"LOT 15749 & LOT 15750, BATU 3 1/2 JALAN KEBUN,
41200 KLANG BANDAR DIRAJA,
SELANGOR DARUL EHSAN.",Net 30 days,CEN-001 AZIZ,Original,,
90,300-ST02,ST ROSYAM,ST ROSYAM MART SDN BHD,ST ROSYAM MART SDN BHD,ST ROSYAM MART (SHAH ALAM) SDN BHD,,1301133-A,,"LOT NO.1 (PT 575), JALAN TENGKU AMPUAN ZABEDAH G 9/G, SEKSYEN 9, 40100
SHAH ALAM, SELANGOR",Net 30 days,CEN-001 AZIZ,Original,,
91,300-TM02,TUNAS MANJA (TMG),TUNAS MANJA SDN BHD,TUNAS MANJA SDN BHD,TUNAS MANJA SDN BHD (CAWANGAN ECO ARDENCE),,166702-T,,"NO 5-15, JALAN ECO ARDENCE C U12/36C,
SEKSYEN U12,
40170 SHAH ALAM SELANGOR",Net 45 days,CEN-001 AZIZ,Manufacturing,,
92,300-C004,Checkers,Checkers Hypermarket Sdn Bhd,Checkers Hypermarket Sdn Bhd,"Checkers Hypermarket Sdn Bhd
(Head Quarter)",,,,"Lot 7, Persiaran Selangor,
Section 15, 40000 Shah Alam,
Selangor Darul Ehsan.",Net 30 days,CEN-001 AZIZ,Original,,
93,300-0000,CS Grocer,CS GROCER SDN.BHD,CS GROCER SDN.BHD,CS GROCER SDN.BHD (PUNCAK ALAM) (PA),,,,"35-47, JALAN HILLPARK 11/9, PUSAT PERDAGANGAN HILLPARK,
42300 PUNCAK ALAM SELANGOR",Net 30 days,CEN-001 AZIZ,Original,,
96,300-T078,TUNAS MANJA (TMG),TUNAS MANJA SDN BHD,TUNAS MANJA SDN BHD,TUNAS MANJA SDN BHD (CAWANGAN ELMINA SHAH ALAM),,166702T,,"GROUND FLOOR, JALAN ESERINA Y U16/Y,ELMINA EAST,40160SHAH
ALAMSELANGORMALAYSIA",Net 45 days,CEN-001 AZIZ,Manufacturing,,
97,300-P036,PASARAYA DARUSSALAM,PASARAYA DARUSSALAM SDN BHD,PASARAYA DARUSSALAM SDN BHD,PASARAYA DARUSSALAM SDN BHD (PDS 3),,794450P,,"T-00-U.06 JALAN P9E/1,
PRESINT 9,
62250 PUTRAJAYA,
WILAYAH PERSEKUTUAN PUTRAJAYA.",Net 30 days,CEN-002 NAZH,Manufacturing,,
98,300-CS01,CS Grocer,CS GROCER SDN.BHD,CS GROCER SDN.BHD,CS GROCER SDN.BHD (KAJANG MEWAH) (KM),,,,"NO:1 ,JALAN KAJANG MEWAH 7B, TAMAN KAJANG MEWAH ,
43000",Net 30 days,CEN-002 NAZH,Original,,
99,300-P051,PASARAYA DARUSSALAM,PASARAYA DARUSSALAM SDN BHD,PASARAYA DARUSSALAM SDN BHD,PASARAYA DARUSSALAM SDN BHD (PDS 4),,794450P,,"NO5-G,GROUND FLOOR, JALAN P16/1,PRESINT 16,62050 PUTRAJAYA,WILAYAH
PERSEKUTUAN PUTRAJAYA.",Net 30 days,CEN-002 NAZH,Manufacturing,,
100,300-P028,PASARAYA DARUSSALAM,PASARAYA DARUSSALAM SDB BHD,PASARAYA DARUSSALAM SDB BHD,PASARAYA DARUSSALAM SDB BHD (PDS 6),,794450P,,LOT K02 TEMPAT LETAK KERETA BERTINGKAT PRESINT 4 62250 PUTRAJAYA,Net 30 days,CEN-002 NAZH,Manufacturing,,
101,300-CS02,CS Grocer,CS GROCER SDN.BHD,CS GROCER SDN.BHD,CS GROCER SDN.BHD (PLAZA METRO) (PM),,,,"PLAZA METRO KAJANG (LG FLOOR) NO.4, JALAN TUN ABDUL
AZIZ, SEKSYEN 1, 43000",Net 30 days,CEN-002 NAZH,Original,,
102,300-T088,TUNAS MANJA (TMG),TUNAS MANJA SDN BHD,TUNAS MANJA SDN BHD,TUNAS MANJA SDN BHD (CAWANGAN RAZAK CITY KL),,166702T,,"NO.RC3-11 - RC3-17, GROUND FLOOR
RESIDENSI BANDAR RAZAK
57100 KUALA LUMPUR W.PERSEKUTUAN MALAYSIA",Net 45 days,CEN-002 NAZH,Manufacturing,,
103,300-TM21,TUNAS MANJA (TMG),TUNAS MANJA SDN BHD,TUNAS MANJA SDN BHD,TUNAS MANJA SDN BHD (CAWANGAN TG MALIM),,166702T,,"PLAZA TANJONG MALIM, NO 21,JALAN LOKE YEW,35900TANJONG MALIMPERAKMALAYSIA",Net 45 days,OFF-001 OFFI,Manufacturing,,
104,300-T045,TUNAS MANJA (TMG),TUNAS MANJA SDN BHD,TUNAS MANJA SDN BHD,TUNAS MANJA SDN BHD (CAWANGAN BANDAR SERI COALFIELDS),,166702-T,,"NO.23-G, 25-G & 27-G, JALAN BSC 2C/5,PRECINCT 2, BANDAR SERI
COALFIELDS,47000SUNGAI BULOH,SELANGORMALAYSIA",Net 45 days,CEN-003 THUR,Manufacturing,,
105,300-T050,TUNAS MANJA (TMG),TUNAS MANJA SDN BHD,TUNAS MANJA SDN BHD,TUNAS MANJA SDN BHD (CAWANGAN SRI RAMPAI),,166702-T,,"NO. 2, JALAN RAMPAI NIAGA 3,RAMPAI BUSINESS PARK,53300KUALA
LUMPURSELANGORMALAYSIA",Net 45 days,CEN-003 THUR,Manufacturing,,
106,300-T089,TUNAS MANJA (TMG),TUNAS MANJA SDN BHD,TUNAS MANJA SDN BHD,TMG MART (CENTRAL) SDN BHD (CAWANGAN SUNGAI BULOH),,1126190P,,"LOT 3,5,7 & 9, GROUND FLOOR, JALAN KATI G U19/G,
TAMAN MEDAN MAS, KG BARU SUNGAI BULOH,
40160 SHAH ALAM SELANGOR MALAYSIA",Net 45 days,CEN-003 THUR,Manufacturing,,
107,300-PR04,PASARAYA IRSYAD BALOK,PASARAYA IRSYAD BALOK SDN BHD,PASARAYA IRSYAD BALOK SDN BHD,PASARAYA IRSYAD KUANTAN,,1327225K,"B2-8 LORONG CHENGAL LEMPUNG AMAN 1
PERUMAHAN CHENGAL LEMPUNG AMAN
26100 KUANTAN PAHANG DARUL MAKMUR","B2-8 LORONG CHENGAL LEMPUNG AMAN 1
PERUMAHAN CHENGAL LEMPUNG AMAN
26100 KUANTAN PAHANG DARUL MAKMUR",Net 30 days,OFF-001 OFFI,Manufacturing,,
108,300-A010,RAMLY HALAL MART,RAMLY HALAL MART SDN. BHD.,RAMLY HALAL MART SDN. BHD.,RAMLY HALAL MART SDN.BHD. (KMB),,284466-D,"NO 12, JALAN 29/10A
TMN PERINDUSTRIAN IKS MUKIM BATU
68100 KULA LUMPUR","NO 12 JALAN 29/10A TAMAN PERIN
IKS MUKIM BATU, KL
KUALA LUMPUR
Malaysia",C.O.D.,OFF-001 OFFI,Original,,
109,300-C009,CS Grocer,CS GROCER SDN.BHD,CS GROCER SDN.BHD,CS GROCER SDN BHD (KAJANG REKO) (KJ),,,,"12 G&M-16 G&M, JLN HENTIAN 1C PUSAT HENTIAN KAJANG, JLN
 REKO  43000 KAJANG SELANGOR",Net 30 days,CEN-002 NAZH,Original,,
110,300-PK01,PKPS EHSAN AGROTECH,PKPS EHSAN AGROTECH SDN BHD,PKPS EHSAN AGROTECH SDN BHD,PKPS EHSAN MART MELAWATI,,,,"Ehsan Mart (Tmn Melawati), No. 5445-G, Jalan J 9, Taman Melawati ",Net 30 days,OFF-001 OFFI,Original,,
111,300-PK02,PKPS EHSAN AGROTECH,PKPS EHSAN AGROTECH SDN BHD,PKPS EHSAN AGROTECH SDN BHD,PKPS EHSAN SELAYANG,,,,"7G, Jalan Dataran Selayang 2, Dataran Selayang",Net 30 days,OFF-001 OFFI,Original,,
112,300-PK03,PKPS EHSAN AGROTECH,PKPS EHSAN AGROTECH SDN BHD,PKPS EHSAN AGROTECH SDN BHD,PKPS EHSAN PANDAN UTAMA,,,,"No. SA33-G, Lorong Pandan Pertama 3, Pandan Utama, 68000, Ampang, Selangor",Net 30 days,OFF-001 OFFI,Original,,
113,TEMP-013,Global Food Merchant,Global Food Merchant Holdings Sdn Bhd,Global Food Merchant Holdings Sdn Bhd,Global Food Merchant (Kota Damansara),,1182442-W,"No. 22A-1, Jalan PJU 5/9
Dataran Sunway, Kota Damansara
47810 Petaling Jaya, Selangor","No. 22A-1, Jalan PJU 5/9
Dataran Sunway, Kota Damansara
47810 Petaling Jaya, Selangor",Net 30 days,CEN-001 AZIZ,Original,,
116,TEMP-012,Global Food Merchant,Global Food Merchant Holdings Sdn Bhd,Global Food Merchant Holdings Sdn Bhd,Global Food Merchant (Bukit Serdang),,1182442-W,"Lot 20155, Jalan BS 5/26
Taman Bukit Serdang
43300 Seri Kembangan, Selangor","Lot 20155, Jalan BS 5/26
Taman Bukit Serdang
43300 Seri Kembangan, Selangor",Net 30 days,CEN-001 AZIZ,Original,,
117,TEMP-001,Super Seven,SUPER SEVEN TRADE CENTRE SDN. BHD.,SUPER SEVEN TRADE CENTRE SDN. BHD.,SUPER SEVEN TRADE CENTRE SDN. BHD.,,(1197361-H),"R-LG-1, Centrum Mall, Jalan Ikram-Uniten,
Taman UniPark Suria,
43000 Kajang, Selangor.","R-LG-1, Centrum Mall, Jalan Ikram-Uniten,
Taman UniPark Suria,
43000 Kajang, Selangor.",,,Original,,
118,TEMP-002,SRI TERNAK,SRI TERNAK MART SDN BHD,SRI TERNAK MART SDN BHD,SRI TERNAK MART (SK) SDN BHD,,,,"LOT 3, KOMPLEKS PERNIAGAAN, PASAR BORONG SELANGOR,
KM10, JALAN SERI KEMBANGAN,
SELANGOR.",,,Original,,
119,TEMP-003,ST ROSYAM,ST ROSYAM MART SDN BHD,ST ROSYAM MART SDN BHD,ST ROSYAM MART SDN BHD - SENAWANG,,,,"LOT A1 & A8, KIPMALL SENAWANG, NO 1, JALAN KLS 1,
LAVENDER HEIGHTS, SEREMBAN,
70450 NEGERI SEMBILAN",,,Original,,
120,TEMP-004,ST ROSYAM,ST ROSYAM MART SDN BHD,ST ROSYAM MART SDN BHD,ST ROSYAM MART SDN BHD,,,,"PT 35710 HSM 9116, BATU 22, JALAN BERANANG,MUKIM SEMENYIH,
43500 SEMENYIH, SELANGOR",,,Original,,
121,TEMP-005,Checkers,Checkers Hypermarket Sdn Bhd,Checkers Hypermarket Sdn Bhd,Jalan Impian Perdana 1,,,,"25, Jalan Impian Perdana 1,
Saujana Impian, 43000 Kajang,
Selangor.",,,Original,,
122,TEMP-006,Pasaraya Darussalam,PASARAYA DARUSSALAM SDN BHD,PASARAYA DARUSSALAM SDN BHD,PASARAYA DARUSSALAM SDN BHD (PDS 6),,794450-P,"NO 2, JALAN P9G/1
PRESINT 9
62250 PUTRAJAYA
WILAYAH PERSEKUTUAN","NO 2, JALAN P9G/1
PRESINT 9
62250 PUTRAJAYA
WILAYAH PERSEKUTUAN",Net 30 days,CEN-001 AZIZ,Original,,
123,TEMP-007,Urban Marketplace,URBAN MARKETPLACE SDN BHD,URBAN MARKETPLACE SDN BHD,URBAN MARKETPLACE SDN BHD (SELAYANG),,1088513-T,"G-01, KOMPLEKS M, SELAYANG
JALAN MADRASAH
68100 BATU CAVES SELANGOR","G-01, KOMPLEKS M, SELAYANG
JALAN MADRASAH
68100 BATU CAVES SELANGOR",Net 30 days,CEN-001 AZIZ,Original,,
124,TEMP-008,Urban Marketplace,URBAN MARKETPLACE SDN BHD,URBAN MARKETPLACE SDN BHD,URBAN MARKETPLACE SDN BHD (PUTRA PERDANA),,1088513-T,"No 2, Jalan Putra Perdana 1/1
Taman Putra Perdana
47130 Puchong, Selangor","No 2, Jalan Putra Perdana 1/1
Taman Putra Perdana
47130 Puchong, Selangor",Net 30 days,CEN-001 AZIZ,Original,,
125,TEMP-009,Urban Marketplace,URBAN MARKETPLACE SDN BHD,URBAN MARKETPLACE SDN BHD,URBAN MARKETPLACE SDN BHD (TSI),,1088513-T,"LOT 3793 & 3794, BATU 6 3/4
JALAN KEPONG
52000 KUALA LUMPUR","LOT 3793 & 3794, BATU 6 3/4
JALAN KEPONG
52000 KUALA LUMPUR",Net 30 days,CEN-001 AZIZ,Original,,
126,300-G020-1,Global Food Merchant,Global Food Merchant Holdings Sdn Bhd,Global Food Merchant Holdings Sdn Bhd,Global Food Merchant (USJ 21),,1182442-W,"Lot 9675, Jalan USJ 21/10
47630 Subang Jaya
Selangor","Lot 9675, Jalan USJ 21/10
47630 Subang Jaya
Selangor",Net 30 days,CEN-001 AZIZ,Original,,
127,TEMP-010,Global Food Merchant,Global Food Merchant Holdings Sdn Bhd,Global Food Merchant Holdings Sdn Bhd,Global Food Merchant (Puncak Jalil),,1182442-W,"Lot 10959, Jalan Puncak Jalil 8
Bandar Puncak Jalil
43300 Seri Kembangan, Selangor","Lot 10959, Jalan Puncak Jalil 8
Bandar Puncak Jalil
43300 Seri Kembangan, Selangor",Net 30 days,CEN-001 AZIZ,Original,,
128,TEMP-011,Global Food Merchant,Global Food Merchant Holdings Sdn Bhd,Global Food Merchant Holdings Sdn Bhd,Global Food Merchant (Permaisuri),,1182442-W,"Lot 27 & 29, Jalan Dwitasik
Bandar Sri Permaisuri
56000 Cheras, Kuala Lumpur","Lot 27 & 29, Jalan Dwitasik
Bandar Sri Permaisuri
56000 Cheras, Kuala Lumpur",Net 30 days,CEN-001 AZIZ,Original,,
143,TEMP-014,Super Seven,SUPER SEVEN TRADE CENTRE SDN. BHD.,SUPER SEVEN TRADE CENTRE SDN. BHD.,SUPER SEVEN TRADE CENTRE SDN. BHD.,,(1197361-H),"R-LG-1, Centrum Mall, Jalan Ikram-Uniten,
Taman UniPark Suria,
43000 Kajang, Selangor.","R-LG-1, Centrum Mall, Jalan Ikram-Uniten,
Taman UniPark Suria,
43000 Kajang, Selangor.",,,Original,,
144,TEMP-015,SRI TERNAK,SRI TERNAK MART SDN BHD,SRI TERNAK MART SDN BHD,SRI TERNAK MART (SK) SDN BHD,,,,"LOT 3, KOMPLEKS PERNIAGAAN, PASAR BORONG SELANGOR,
KM10, JALAN SERI KEMBANGAN,
SELANGOR.",,,Original,,
145,TEMP-016,ST ROSYAM,ST ROSYAM MART SDN BHD,ST ROSYAM MART SDN BHD,ST ROSYAM MART SDN BHD - SENAWANG,,,,"LOT A1 & A8, KIPMALL SENAWANG, NO 1, JALAN KLS 1,
LAVENDER HEIGHTS, SEREMBAN,
70450 NEGERI SEMBILAN",,,Original,,
146,TEMP-017,ST ROSYAM,ST ROSYAM MART SDN BHD,ST ROSYAM MART SDN BHD,ST ROSYAM MART SDN BHD,,,,"PT 35710 HSM 9116, BATU 22, JALAN BERANANG,MUKIM SEMENYIH,
43500 SEMENYIH, SELANGOR",,,Original,,
148,TEMP-019,Pasaraya Darussalam,PASARAYA DARUSSALAM SDN BHD,PASARAYA DARUSSALAM SDN BHD,PASARAYA DARUSSALAM SDN BHD (PDS 6),,794450-P,"NO 2, JALAN P9G/1
PRESINT 9
62250 PUTRAJAYA
WILAYAH PERSEKUTUAN","NO 2, JALAN P9G/1
PRESINT 9
62250 PUTRAJAYA
WILAYAH PERSEKUTUAN",Net 30 days,CEN-001 AZIZ,Original,,
149,TEMP-020,Urban Marketplace,URBAN MARKETPLACE SDN BHD,URBAN MARKETPLACE SDN BHD,URBAN MARKETPLACE SDN BHD (SELAYANG),,1088513-T,"G-01, KOMPLEKS M, SELAYANG
JALAN MADRASAH
68100 BATU CAVES SELANGOR","G-01, KOMPLEKS M, SELAYANG
JALAN MADRASAH
68100 BATU CAVES SELANGOR",Net 30 days,CEN-001 AZIZ,Original,,
150,TEMP-021,Urban Marketplace,URBAN MARKETPLACE SDN BHD,URBAN MARKETPLACE SDN BHD,URBAN MARKETPLACE SDN BHD (PUTRA PERDANA),,1088513-T,"No 2, Jalan Putra Perdana 1/1
Taman Putra Perdana
47130 Puchong, Selangor","No 2, Jalan Putra Perdana 1/1
Taman Putra Perdana
47130 Puchong, Selangor",Net 30 days,CEN-001 AZIZ,Original,,
151,TEMP-022,Urban Marketplace,URBAN MARKETPLACE SDN BHD,URBAN MARKETPLACE SDN BHD,URBAN MARKETPLACE SDN BHD (TSI),,1088513-T,"LOT 3793 & 3794, BATU 6 3/4
JALAN KEPONG
52000 KUALA LUMPUR","LOT 3793 & 3794, BATU 6 3/4
JALAN KEPONG
52000 KUALA LUMPUR",Net 30 days,CEN-001 AZIZ,Original,,
152,TEMP-023,Global Food Merchant,Global Food Merchant Holdings Sdn Bhd,Global Food Merchant Holdings Sdn Bhd,Global Food Merchant (Puncak Jalil),,1182442-W,"Lot 10959, Jalan Puncak Jalil 8
Bandar Puncak Jalil
43300 Seri Kembangan, Selangor","Lot 10959, Jalan Puncak Jalil 8
Bandar Puncak Jalil
43300 Seri Kembangan, Selangor",Net 30 days,CEN-001 AZIZ,Original,,
153,TEMP-024,Global Food Merchant,Global Food Merchant Holdings Sdn Bhd,Global Food Merchant Holdings Sdn Bhd,Global Food Merchant (Permaisuri),,1182442-W,"Lot 27 & 29, Jalan Dwitasik
Bandar Sri Permaisuri
56000 Cheras, Kuala Lumpur","Lot 27 & 29, Jalan Dwitasik
Bandar Sri Permaisuri
56000 Cheras, Kuala Lumpur",Net 30 days,CEN-001 AZIZ,Original,,
154,TEMP-025,Global Food Merchant,Global Food Merchant Holdings Sdn Bhd,Global Food Merchant Holdings Sdn Bhd,Global Food Merchant (Bukit Serdang),,1182442-W,"Lot 20155, Jalan BS 5/26
Taman Bukit Serdang
43300 Seri Kembangan, Selangor","Lot 20155, Jalan BS 5/26
Taman Bukit Serdang
43300 Seri Kembangan, Selangor",Net 30 days,CEN-001 AZIZ,Original,,
155,TEMP-026,Global Food Merchant,Global Food Merchant Holdings Sdn Bhd,Global Food Merchant Holdings Sdn Bhd,Global Food Merchant (Kota Damansara),,1182442-W,"No. 22A-1, Jalan PJU 5/9
Dataran Sunway, Kota Damansara
47810 Petaling Jaya, Selangor","No. 22A-1, Jalan PJU 5/9
Dataran Sunway, Kota Damansara
47810 Petaling Jaya, Selangor",Net 30 days,CEN-001 AZIZ,Original,,
156,TEMP-027,Global Food Merchant,Global Food Merchant Holdings Sdn Bhd,Global Food Merchant Holdings Sdn Bhd,Global Food Merchant (USJ 21),,1182442-W,"Lot 9675, Jalan USJ 21/10
47630 Subang Jaya
Selangor","Lot 9675, Jalan USJ 21/10
47630 Subang Jaya
Selangor",Net 30 days,CEN-001 AZIZ,Original,,
157,TEMP-028,Checkers,CHECKERS HYPERMARKET SDN BHD,CHECKERS HYPERMARKET SDN BHD,CHECKERS HYPERMARKET SDN BHD,,493478-W,"NO 1 & 2, JALAN HILIR 1/13, 
SECTION 13, 40000 SHAH ALAM, 
SELANGOR.","NO 1 & 2, JALAN HILIR 1/13, 
SECTION 13, 40000 SHAH ALAM, 
SELANGOR.",Net 30 days,,Original,,
158,TEMP-029,Checkers,CHECKERS HYPERMARKET SDN BHD,CHECKERS HYPERMARKET SDN BHD,CHECKERS HYPERMARKET SDN BHD (BBB),,493478-W,"NO.11, JALAN 8/35, 
BANDAR BARU BANGI, 
43650 SELANGOR.","NO.11, JALAN 8/35, 
BANDAR BARU BANGI, 
43650 SELANGOR.",Net 30 days,,Original,,
